Jan-90,Feb-90,Mar-90,Apr-90,May-90,Jun-90,Jul-90,Aug-90,Sep-90,Oct-90,Nov-90,Dec-90,Jan-91,Feb-91,Mar-91,Apr-91,May-91,Jun-91,Jul-91,Aug-91,Sep-91,Oct-91,Nov-91,Dec-91,Jan-92,Feb-92,Mar-92,Apr-92,May-92,Jun-92,Jul-92,Aug-92,Sep-92,Oct-92,Nov-92,Dec-92,Jan-93,Feb-93,Mar-93,Apr-93,May-93,Jun-93,Jul-93,Aug-93,Sep-93,Oct-93,Nov-93,Dec-93,Jan-94,Feb-94,Mar-94,Apr-94,May-94,Jun-94,Jul-94,Aug-94,Sep-94,Oct-94,Nov-94,Dec-94,Jan-95,Feb-95,Mar-95,Apr-95,May-95,Jun-95,Jul-95,Aug-95,Sep-95,Oct-95,Nov-95,Dec-95,Jan-96,Feb-96,Mar-96,Apr-96,May-96,Jun-96,Jul-96,Aug-96,Sep-96,Oct-96,Nov-96,Dec-96,Jan-97,Feb-97,Mar-97,Apr-97,May-97,Jun-97,Jul-97,Aug-97,Sep-97,Oct-97,Nov-97,Dec-97,Jan-98,Feb-98,Mar-98,Apr-98,May-98,Jun-98,Jul-98,Aug-98,Sep-98,Oct-98,Nov-98,Dec-98,Jan-99,Feb-99,Mar-99,Apr-99,May-99,Jun-99,Jul-99,Aug-99,Sep-99,Oct-99,Nov-99,Dec-99,Jan-00,Feb-00,Mar-00,Apr-00,May-00,Jun-00,Jul-00,Aug-00,Sep-00,Oct-00,Nov-00,Dec-00,Jan-01,Feb-01,Mar-01,Apr-01,May-01,Jun-01,Jul-01,Aug-01,Sep-01,Oct-01,Nov-01,Dec-01,Jan-02,Feb-02,Mar-02,Apr-02,May-02,Jun-02,Jul-02,Aug-02,Sep-02,Oct-02,Nov-02,Dec-02,Jan-03,Feb-03,Mar-03,Apr-03,May-03,Jun-03,Jul-03,Aug-03,Sep-03,Oct-03,Nov-03,Dec-03,Jan-04,Feb-04,Mar-04,Apr-04,May-04,Jun-04,Jul-04,Aug-04,Sep-04,Oct-04,Nov-04,Dec-04,Jan-05,Feb-05,Mar-05,Apr-05,May-05,Jun-05,Jul-05,Aug-05,Sep-05,Oct-05,Nov-05,Dec-05,Jan-06,Feb-06,Mar-06,Apr-06,May-06,Jun-06,Jul-06,Aug-06,Sep-06,Oct-06,Nov-06,Dec-06,Jan-07,Feb-07,Mar-07,Apr-07,May-07,Jun-07,Jul-07,Aug-07,Sep-07,Oct-07,Nov-07,Dec-07,Jan-08,Feb-08,Mar-08,Apr-08,May-08,Jun-08,Jul-08,Aug-08,Sep-08,Oct-08,Nov-08,Dec-08,Jan-09,Feb-09,Mar-09,Apr-09,May-09,Jun-09,Jul-09,Aug-09,Sep-09,Oct-09,Nov-09,Dec-09,Jan-10,Feb-10,Mar-10,Apr-10,May-10,Jun-10,Jul-10,Aug-10,Sep-10,Oct-10,Nov-10,Dec-10,Jan-11,Feb-11,Mar-11,Apr-11,May-11,Jun-11,Jul-11,Aug-11,Sep-11,Oct-11,Nov-11,Dec-11,Jan-12,Feb-12,Mar-12,Apr-12,May-12,Jun-12,Jul-12,Aug-12,Sep-12,Oct-12,Nov-12,Dec-12,Jan-13,Feb-13,Mar-13,Apr-13,May-13,Jun-13,Jul-13,Aug-13,Sep-13,Oct-13,Nov-13,Dec-13,Jan-14,Feb-14,Mar-14,Apr-14,May-14,Jun-14,Jul-14,Aug-14,Sep-14,Oct-14,Nov-14,Dec-14,Jan-15,Feb-15,Mar-15,Apr-15,May-15,Jun-15,Jul-15,Aug-15,Sep-15,Oct-15,Nov-15,Dec-15,Jan-16,Feb-16,Mar-16,Apr-16,May-16,Jun-16,Jul-16,Aug-16,Sep-16,Oct-16,Nov-16,Dec-16,Jan-17,Feb-17,Mar-17,Apr-17,May-17,Jun-17,Jul-17,Aug-17,Sep-17,Oct-17,Nov-17,Dec-17,Jan-18,Feb-18,Mar-18,Apr-18,May-18,Jun-18,Jul-18,Aug-18,Sep-18,Oct-18,Nov-18,Dec-18,Jan-19,Feb-19,Mar-19,Apr-19,May-19,Jun-19,Jul-19,Aug-19,Sep-19,Oct-19,Nov-19,Dec-19,Jan-20,Feb-20,Mar-20,Apr-20,May-20,Jun-20,Jul-20,Aug-20,Sep-20,Oct-20,Nov-20,Dec-20,Jan-21,Feb-21,Mar-21,Apr-21,May-21,Jun-21,Jul-21,Aug-21,Sep-21,Oct-21,Nov-21,Dec-21,Jan-22,Feb-22,Mar-22,Apr-22,May-22,Jun-22,Jul-22,Aug-22,Sep-22,Oct-22,Nov-22,Dec-22,Jan-23,Feb-23,Mar-23,Apr-23,May-23,Jun-23,Jul-23,Aug-23,Sep-23,Oct-23,Nov-23,Dec-23,Jan-24,Feb-24,Mar-24,Apr-24,May-24,Jun-24,Jul-24,Aug-24,Sep-24,Oct-24,Nov-24,Dec-24,Jan-25,Feb-25,Mar-25,Apr-25,May-25,Jun-25,Jul-25,Aug-25
Canada,276.428,255.893,254.693,215.859,214.111,184.819,170.29,164.638,143.973,146.593,143.505,142.41,118.887,117.926,118.066,133.898,151.871,158.414,179.917,177.579,171.803,191.851,173.188,165.677,173.548,173.818,177.072,167.909,169.404,170.273,182.738,162.015,174.259,164.343,170.465,168.173,143.501,149.289,154.567,164.532,146.704,148.908,173.655,161.254,155.533,162.186,163.741,161.597,150.02,143.589,151.841,160.5,161.433,169.039,164.043,151.159,154.9,149.869,144.029,125.041,136.747,122.976,98.919,114.715,97.502,112.029,105.005,108.75,112.143,110.648,114.573,119.395,102.918,103.362,110.717,106.024,128.412,139.102,130.833,129.78,136.53,118.098,140.2,137.325,134.585,148.65,142.875,143.226,150.19,144.494,154.708,154.431,152.78,146.505,148.15,148.479,131.269,142.279,144.513,145.177,140.358,131.202,124.631,142.024,139.365,138.022,131.287,141.957,131.249,139.48,141.858,146.056,151.765,153.076,145.527,152.053,156.596,152.984,165.5,161.526,137.194,149.904,154.401,156.762,144.354,132.265,166.648,149.76,164.996,165.958,156.917,144.483,161.758,145.835,150.896,165.747,159.603,176.424,148.906,167.233,158.249,169.767,174.11,177.444,214.398,183.751,203.966,192.038,211.073,205.043,198.543,216.318,199.001,224.926,218.228,197.564,189.151,240.42,197.668,210.125,195.586,208.457,225.854,239.978,233.928,253.644,216.591,216.338,193.841,217.36,244.495,241.873,232.741,233.477,224.283,267.432,239.122,239.312,246.431,229.102,185.278,212.311,213.14,251.213,223.409,237.053,249.838,209.411,232.163,219.023,235.79,233.376,223.622,238.095,249.27,233.636,220.93,241.79,241.986,211.143,204.137,231.099,234.741,210.977,244.867,197.478,220.742,226.127,236.755,228.934,223.292,231.607,288.644,233.336,233.383,175.368,202.649,234.342,237.36,223.303,229.034,223.885,194.766,219.132,229.421,219.776,169.588,150.305,132.314,115.722,141.138,111.781,127.857,142.729,137.567,165.384,166.608,187.728,173.636,173.152,191.133,202.734,196.249,206.946,200.366,191.104,196.099,192.432,186.677,174.102,194.104,166.823,170.157,179.438,185.08,187.901,192.62,196.358,209.943,191.82,209.371,212.64,185.13,200.189,203.029,207.023,213.861,253.254,212.996,221.459,212.445,231.712,223.856,205.916,199.376,200.005,164.443,184.818,181.99,179.311,195.145,191.62,197.29,187.634,194.821,199.944,193.84,185.521,185.19,191.756,162.746,198.32,195.657,195.014,202.591,195.869,191.724,179.739,193.39,177.296,187.115,147.197,192.597,181.815,199.576,201.871,192.203,216.496,224.455,195.835,212.762,171.248,177.219,213.427,201.172,191.12,191.982,218.07,199.191,187.631,215.556,194.172,185.786,202.693,206.567,208.686,245.562,212.852,198.484,209.111,229.448,227.274,218.566,220.517,248.331,214.309,216.76,229.432,221.226,211.956,196.246,241.899,201.553,197.116,193.498,213.713,224.465,214.99,200.484,163.048,192.596,229.417,196.581,242.624,219.724,225.555,225.848,204.753,201.775,199.555,200.082,209.589,189.117,161.004,192.551,213.167,244.851,263.63,214.476,227.492,259.934,240.421,291.29,260.922,319.843,272.344,283.092,283.769,274.472,259.63,250.714,236.588,305.206,247.179,229.125,248.877,245.69,262.693,280.961,273.565,277.195,266.521,294.615,261.632,259.518,252.115,209.122,245.635,213.41,260.213,197.016,281.644,252.824,247.32,265.197,270.621,208.445,250.576,231.158,259.921,242.296,241.565,268.069,241.407,275.534,212.923,224.089,245.019,267.301,231.614,233.414,220.774,214.339,282.679,283.294,283.914,293.537,245.791
Atlantic provinces,13.302,18.088,20.758,15.211,10.44,13.415,10.833,12.356,9.902,13.892,13.9,13.507,9.374,10.18,10.908,11.91,10.821,8.917,11.99,14.343,12.634,11.694,11.412,12.433,8.031,8.553,7.609,8.951,10.951,10.778,12.451,11.388,11.916,14.003,10.872,11.73,12.239,6.906,8.805,9.475,10.454,12.497,11.802,11.799,11.981,11.664,12.176,11.978,10.24,7.145,7.653,10.382,11.351,14.756,11.287,11.459,13.128,9.257,10.52,9.637,8.273,7.438,5.889,7.577,9.639,10.718,8.884,9.533,9.249,9.016,8.193,8.262,7.492,7.084,8.623,11.775,10.03,9.429,8.698,9.933,9.08,8.942,10.627,11.785,13.173,9.563,11.388,8.653,7.054,8.117,9.408,8.917,8.51,7.511,8.873,8.718,4.591,4.365,5.608,5.517,6.49,7.485,8.261,11.26,9.208,9.8,7.068,7.16,7.968,7.636,9.945,9.472,9.311,10.581,9.082,7.524,8.446,10.169,10.817,9.266,11.572,10.392,12.41,9.215,9.783,8.503,12.083,12.584,9.738,9.012,8.601,7.489,11.194,9.585,6.854,9.141,7.811,10.896,12.852,10.984,9.856,9.941,10.259,11.512,10.731,9.59,8.548,12.002,12.783,13.337,11.613,10.999,10.817,14.07,15.064,14.504,10.265,11.229,11.308,12.748,12.478,14.924,16.276,12.471,11.537,10.606,14.76,17.258,9.313,9.275,10.768,11.474,12.196,15.018,12.92,12.943,13.458,11.487,11.875,15.799,9.754,11.72,9.632,12.906,14.61,12.371,12.484,14.105,10.718,13.189,12.467,12.452,13.999,12.061,10.025,12.465,12.084,14.805,13.652,11.317,11.231,9.937,13.082,10.922,12.613,10.93,8.092,9.904,12.051,13.662,12.523,15.272,14.511,12.442,13.129,12.231,11.033,11.442,13.869,10.645,13.633,13.144,14.021,11.744,13.882,13.297,11.252,9.997,10.2,8.857,8.913,8.174,11.148,10.518,11.594,12.068,13.174,12.742,10.747,11.502,14.051,15.379,14.546,12.466,15.789,12.927,17.551,12.906,10.614,14.786,11.35,10.273,12.299,9.115,9.957,10.659,11.997,12.376,17.299,10.974,16.096,10.93,11.618,16.109,12.205,9.53,10.313,12.662,12.978,13.504,12.301,15.465,17.665,15.923,10.44,10.689,14.79,7.472,9.833,8.146,12.918,11.038,9.403,8.909,11.656,11.796,8.703,8.936,6.822,10.007,5.246,5.084,7.955,8.453,13.069,9.527,8.426,8.011,8.124,7.058,11.456,4.953,4.36,4.706,11.106,12.349,10.902,8.162,10.288,7.351,7.549,5.079,6.333,7.791,4.382,5.621,10.144,8.201,6.768,6.632,11.373,8.806,8.403,7.001,7.881,8.654,5.475,9.41,8.944,7.427,9.306,7.075,11.64,8.868,9.228,9.066,9.208,8.992,11.956,8.125,7.689,11.621,11.168,9.249,11.783,7.163,9.713,10.501,6.908,5.662,7.023,7.141,8.202,17.072,10.195,11.61,11.796,8.233,11.264,11.404,6.481,12.257,6.884,5.923,8.717,8.269,16.866,11.48,10.475,6.467,15.823,14.657,12.746,9.648,7.65,10.268,18.573,9.806,13.51,8.273,8.597,15.298,14.946,16.083,11.882,7.679,11.729,8.103,22.868,13.265,17.169,14.816,10.334,7.928,16.412,12.058,7.927,8.98,8.528,12.177,11.268,19.99,13.22,12.649,16.757,17.28,20.456,14.871,15.341,21.275,13.108,14.559,20.54,20.761,15.589,16.592,15.835,13.955,16.55,15.366,16.38,16.583,16.02,22.086,20.471,21.099,32.071,19.53
Newfoundland and Labrador,4.811,6.115,6.737,2.944,3.422,2.971,2.718,2.902,2.662,4.251,4.213,2.963,2.33,2.187,1.617,2.633,2.454,3.232,3.151,3.227,2.861,2.692,2.6,2.853,2.246,1.77,2.292,2.071,2.467,2.275,2.982,2.158,2.356,2.358,2.172,2.06,2.94,1.516,3.214,2.577,1.918,1.873,3.48,2.309,2.842,2.06,2.365,2.758,1.854,1.34,0.578,2.422,2.94,2.888,1.723,2.402,2.415,2.005,2.324,2.006,1.566,1.885,1.126,0.973,1.284,2.32,1.837,2.105,1.751,1.781,1.855,1.474,2.239,1.931,2.048,1.63,2.028,1.766,1.958,1.821,1.864,2.374,2.517,3.332,2.956,2.471,1.206,0.843,1.457,1.532,1.574,1.585,1.921,1.881,2.186,2.004,1.579,0.562,1.545,1.109,1.603,1.234,1.111,1.827,1.911,1.606,1.15,1.488,1.244,0.777,3.826,1.734,1.105,1.331,1.16,1.56,1.266,1.262,1.644,1.149,2.098,1.935,3.723,1.96,1.265,1.069,1.703,1.522,1.356,1.552,1.154,1.156,1.029,0.616,1.045,1.751,1.718,1.789,2.052,1.893,1.882,1.457,2.099,2.056,1.989,2.197,2.315,2.594,2.677,2.362,2.714,1.729,2.173,3.362,2.54,2.406,1.035,1.577,1.342,3.074,3.343,3.137,2.438,2.429,2.284,3.267,3.192,2.554,2.208,4.023,2.358,2.973,2.542,3.375,3.025,2.492,2.677,3.247,3.067,2.895,2.223,3.36,2.251,2.283,2.691,2.292,2.512,2.619,2.581,2.565,2.26,2.768,2.485,3.267,1.668,1.576,2.005,2.563,2.191,2.54,2.569,1.959,2.228,2.113,2.435,2.996,1.628,2.163,2.187,2.728,2.708,2.657,2.925,2.693,3.473,2.958,2.199,2.589,2.992,2.186,3.512,3.005,3.109,4.031,3.605,3.583,3.262,3.8,3.9,2.616,2.719,2.474,2.876,2.779,3.358,2.74,2.867,3.122,3.437,3.911,5.32,5.306,5.773,3.845,4.251,4.148,3.383,3.508,3.22,3.377,2.98,3.226,4.351,3.424,4.389,2.42,3.441,4.25,3.88,3.102,3.559,3.211,3.853,2.988,5.706,3.094,3.41,5.06,3.827,3.628,4.982,4.011,4.07,3.185,3.573,3.888,3.161,2.654,3.017,3.669,3.032,2.985,2.392,2.52,2.865,3.1,3.098,2.617,2.206,4.946,1.252,1.674,2.282,2.43,2.255,2.354,1.921,2.131,1.878,1.691,5.761,1.204,1.122,0.858,1.713,1.61,1.802,1.645,1.461,1.756,1.777,1.422,2.776,2.064,1.192,1.215,1.581,1.425,1.18,1.534,1.334,1.576,1.203,1.242,1.161,1.36,0.854,0.913,1.06,1.417,1.803,1.415,1.157,1.72,1.78,1.957,1.629,1.23,6.189,1.018,0.827,1.002,1.39,1.188,1.142,0.841,0.877,0.921,0.628,0.651,0.615,0.571,0.74,0.98,0.783,0.985,1.083,1.2,1.33,1.152,0.726,0.799,0.487,0.416,0.358,0.682,0.969,0.877,0.802,0.908,1.216,0.882,1.796,1.205,1.295,1.071,1.146,1.218,0.828,0.644,0.877,1.122,0.891,1.403,1.837,1.778,2.298,1.602,1.442,1.068,1.599,1.527,1.09,0.681,0.784,2.76,0.796,0.842,0.871,0.848,0.778,0.793,1.19,1.268,1.36,0.915,0.894,1.213,2.494,1.689,1.154,1.681,1.231,1.696,1.487,1.877,1.609,1.875,2.269,1.811,1.334,1.283,1.165,2.1,1.599,1.677,1.72,1.68
Prince Edward Island,0.804,1.022,1.469,0.419,0.391,0.334,1.051,1.118,0.514,0.508,1.604,1.276,0.509,0.593,0.492,0.853,0.762,0.879,0.668,0.322,0.389,0.508,0.723,0.326,0.183,0.595,0.162,0.609,1.06,0.946,0.594,0.417,0.726,1.101,0.507,0.277,0.995,0.098,0.201,0.4,0.826,0.699,0.683,0.568,0.672,0.866,0.996,0.728,2.294,0.371,0.523,0.89,0.837,0.819,0.634,0.512,0.994,0.543,0.581,0.537,1.553,0.324,0.169,0.421,0.387,0.287,0.379,0.509,0.535,0.39,0.727,0.203,0.683,0.765,0.758,0.509,0.615,1.032,0.499,0.397,0.433,0.492,0.495,0.687,0.218,0.19,0.262,0.346,0.698,0.679,0.712,0.335,0.45,0.353,0.437,0.472,0.233,0.335,0.613,0.382,0.432,0.723,0.567,0.716,0.375,0.507,0.782,0.523,1.161,0.497,0.213,0.544,0.813,0.66,1.052,0.659,0.513,0.495,0.578,0.468,1.403,1.239,1.37,0.468,0.658,0.689,0.646,0.84,0.547,0.944,0.672,0.689,0.979,0.431,0.534,0.419,0.46,0.434,1.155,0.612,0.787,0.802,1.008,0.502,0.259,0.499,0.499,0.718,1.241,0.526,1.912,0.799,0.659,0.696,0.453,0.605,0.783,0.748,0.563,0.683,0.966,1.38,1.276,0.503,0.708,0.744,0.636,0.928,1.021,0.521,0.796,0.978,1.067,1.61,1.029,0.738,0.719,0.745,0.767,0.721,1.146,2.135,0.939,0.475,1.091,0.953,0.707,0.872,0.799,0.587,0.858,1.15,1.374,1.2,0.525,0.519,0.648,0.716,0.632,1.211,0.326,0.65,0.669,0.708,0.586,0.787,0.615,0.771,0.665,0.952,0.668,0.742,0.823,0.596,1.242,0.525,0.582,0.589,0.524,0.917,0.917,0.815,0.702,0.816,0.531,0.643,0.796,0.721,0.436,0.413,0.317,0.47,0.968,1.362,0.703,1.141,1.007,1.392,1.044,1.046,0.563,0.212,0.333,0.546,1.439,1.125,0.717,0.972,0.542,0.332,0.922,1.169,1.025,0.567,0.551,0.715,0.885,0.771,1.191,0.961,1.308,1.108,1.466,0.851,0.44,0.562,0.382,1.212,0.723,1.423,1.259,1.122,1.413,0.823,0.797,1.279,1.659,0.433,0.382,0.47,0.979,0.859,0.526,0.247,0.654,0.324,0.36,0.7,0.389,0.417,0.324,0.35,0.858,0.736,0.414,0.329,0.398,0.848,0.504,0.665,0.997,0.296,0.211,0.15,0.366,0.552,0.487,0.62,0.798,1.227,0.517,0.243,0.619,0.186,0.244,0.483,0.96,0.359,0.563,1.031,0.918,0.265,0.461,0.332,0.965,0.582,1.213,0.623,0.846,1.387,1.032,0.728,1.231,0.867,1.171,0.687,0.502,0.799,0.885,1.736,0.797,0.999,0.567,0.901,1.045,0.655,2.072,1.449,0.939,0.475,0.218,0.763,1.291,2.246,1.845,0.91,1.927,1.635,1.34,1.905,0.696,1.627,0.557,0.835,1.237,2.209,0.609,2.222,0.692,0.717,1.188,0.604,1.47,0.758,0.592,1.062,1.488,1.711,1.752,1.057,0.687,1.433,1.244,0.697,0.452,0.635,1.678,1.351,1.026,1.024,0.91,1.238,0.378,1.078,1.712,1.012,0.793,0.995,0.724,1.059,0.469,0.548,1.409,1.476,0.387,1.203,0.754,0.721,1.643,0.504,1.157,0.497,1.716,0.728,2.627,0.978,0.677,1.803,0.421,1.755,3.447,1.344,0.737,2.232,0.594,0.743,2.904,2.402
Nova Scotia,5.84,5.61,4.833,8.486,4.208,6.379,5.033,5.741,4.363,5.835,5.637,6.924,3.95,4.601,6.286,6.783,4.921,2.786,5.114,6.766,6.152,5.071,4.9,4.722,3.39,5.014,3.39,3.563,4.04,3.928,4.921,5.5,4.878,6.428,4.022,6.192,4.386,3.681,3.336,2.692,3.874,4.412,4.261,4.589,3.887,5.691,4.556,5.26,3.535,2.442,4.078,3.65,4.382,5.582,5.009,5.378,6.168,4.012,5.674,5.252,3.801,3.999,3.312,4.712,5.218,5.845,4.163,3.896,3.964,3.666,3.745,4.515,2.71,2.682,3.271,6.237,4.569,3.983,3.543,4.572,4.028,3.356,4.529,5.034,7.555,4.879,8.184,3.89,2.578,3.044,4.177,4.162,2.749,2.683,3.243,4.256,1.823,2.172,1.803,2.055,1.663,2.824,3.284,5.718,5.137,4.854,2.569,2.42,4.242,4.193,3.601,5.062,5.423,4.501,3.452,2.539,3.704,5.794,5.116,4.263,3.904,4.537,4.658,4.28,5.552,4.3,5.784,7.017,2.639,3.838,3.387,3.606,4.512,3.896,2.535,4.338,3.02,4.731,5.532,4.948,2.942,3.171,4.366,4.978,6.023,4.041,3.34,4.369,5.168,5.501,3.746,5.46,4.092,5.074,5.735,7.671,3.48,4.373,5.904,3.64,3.806,6.063,6.205,4.769,4.243,2.776,6.692,8.923,3.542,2.402,5.213,3.698,4.279,5.964,4.481,5.696,5.631,3.908,3.764,6.977,3.559,3.202,3.148,6.247,6.048,4.464,5.034,6.441,3.833,4.603,5.729,4.636,5.402,4.125,4.9,5.912,5.963,4.517,6.089,3.672,3.933,3.977,6.391,4.368,5.814,3.985,2.56,2.91,4.926,5.48,4.242,6.698,5.643,5.256,4.503,4.342,3.13,3.447,6.312,3.98,3.651,4.161,5.403,3.325,4.715,3.919,3.449,2.763,2.454,2.879,2.821,2.153,3.104,2.789,3.464,4.593,5.837,4.485,2.642,3.186,2.83,6.699,3.611,4.685,5.731,3.249,7.012,3.249,4.28,5.246,3.619,2.796,4.878,4.024,3.572,4.566,4.847,3.681,5.905,4.048,6.182,3.018,2.802,8.437,3.055,4.234,4.211,3.339,4.313,4.157,3.039,6.984,6.08,9.059,3.123,3.13,7.312,1.544,4.792,2.629,5.251,2.856,4.376,2.463,5.176,5.61,2.328,2.454,1.794,1.722,2.3,1.852,3.375,2.718,5.549,3.99,4.194,2.57,3.489,3.138,2.867,1.834,2.01,2.808,7.611,7.692,6.132,3.677,5.147,2.194,2.707,1.63,1.497,4.528,1.714,2.313,4.713,4.894,3.856,2.413,5.525,4.604,4.74,3.671,3.752,5.805,1.854,6.578,4.57,2.614,4.427,3.459,5.383,2.668,3.551,3.566,5.007,5.484,3.13,3.994,3.944,6.339,6.553,5.414,6.846,2.754,3.797,5.351,3.366,3.493,4.953,3.913,3.819,8.077,4.382,5.514,4.267,3.22,4.048,6.81,2.958,8.102,2.897,2.543,3.806,2.853,8.07,3.89,6.469,2.699,8.178,6.451,6.676,5.665,4.77,3.736,9.175,2.597,5.32,2.429,4.2,9.587,7.804,9.664,7.931,3.952,2.965,2.529,11.698,5.68,9.206,5.806,3.653,3.633,4.994,5.645,3.615,4.631,4.202,4.696,5.524,14.013,6.112,3.209,8.897,10.022,12.95,7.926,6.874,13.076,8.594,7.97,8.843,12.038,6.401,3.985,4.505,4.567,6.292,5.968,8.528,7.638,7.65,13.665,9.64,9.314,17.662,7.646
New Brunswick,1.847,5.341,7.719,3.362,2.419,3.731,2.031,2.595,2.363,3.298,2.446,2.344,2.585,2.799,2.513,1.641,2.684,2.02,3.057,4.028,3.232,3.423,3.189,4.532,2.212,1.174,1.765,2.708,3.384,3.629,3.954,3.313,3.956,4.116,4.171,3.201,3.918,1.611,2.054,3.806,3.836,5.513,3.378,4.333,4.58,3.047,4.259,3.232,2.557,2.992,2.474,3.42,3.192,5.467,3.921,3.167,3.551,2.697,1.941,1.842,1.353,1.23,1.282,1.471,2.75,2.266,2.505,3.023,2.999,3.179,1.866,2.07,1.86,1.706,2.546,3.399,2.818,2.648,2.698,3.143,2.755,2.72,3.086,2.732,2.444,2.023,1.736,3.574,2.321,2.862,2.945,2.835,3.39,2.594,3.007,1.986,0.956,1.296,1.647,1.971,2.792,2.704,3.299,2.999,1.785,2.833,2.567,2.729,1.321,2.169,2.305,2.132,1.97,4.089,3.418,2.766,2.963,2.618,3.479,3.386,4.167,2.681,2.659,2.507,2.308,2.445,3.95,3.205,5.196,2.678,3.388,2.038,4.674,4.642,2.74,2.633,2.613,3.942,4.113,3.531,4.245,4.511,2.786,3.976,2.46,2.853,2.394,4.321,3.697,4.948,3.241,3.011,3.893,4.938,6.336,3.822,4.967,4.531,3.499,5.351,4.363,4.344,6.357,4.77,4.302,3.819,4.24,4.853,2.542,2.329,2.401,3.825,4.308,4.069,4.385,4.017,4.431,3.587,4.277,5.206,2.826,3.023,3.294,3.901,4.78,4.662,4.231,4.173,3.505,5.434,3.62,3.898,4.738,3.469,2.932,4.458,3.468,7.009,4.74,3.894,4.403,3.351,3.794,3.733,3.778,3.162,3.289,4.06,4.273,4.502,4.905,5.175,5.12,3.897,3.911,4.406,5.122,4.817,4.041,3.562,5.553,5.163,4.807,3.572,5.031,5.152,3.745,2.713,3.41,2.949,3.056,3.077,4.2,3.588,4.069,3.594,3.463,3.743,3.624,3.359,5.338,3.162,4.829,3.39,4.368,4.405,6.439,5.177,2.572,5.831,3.829,3.082,2.045,1.1,1.445,2.958,2.824,3.674,6.323,2.863,5.047,3.593,3.497,3.833,3.004,1.64,2.31,3.051,4.115,4.296,3.021,3.348,6.102,2.856,2.947,2.392,2.658,2.841,1.642,1.378,3.656,4.338,2.109,3.679,2.961,2.762,2.917,3.165,2.433,2.922,1.37,1.208,1.44,2.569,4.851,2.854,1.913,2.462,2.253,1.564,1.831,1.619,1.017,0.89,1.416,2.495,2.481,2.22,2.882,2.174,2.548,1.784,1.441,1.013,1.232,1.61,2.89,1.523,1.169,1.654,3.596,2.361,1.999,1.756,2.003,0.907,1.554,1.296,2.468,2.009,2.044,1.473,3.869,3.613,2.726,2.856,2.07,1.479,1.752,1.377,2.121,3.281,2.658,1.746,2.75,2.913,2.967,2.78,1.975,1.043,1.237,1.894,2.352,5.769,3.185,4.201,4.519,2.178,4.546,1.537,2.101,1.729,2.943,2.129,3.316,2.525,7.218,4.491,2.512,2.143,5.241,6.72,2.804,2.02,0.993,4.399,6.764,4.28,5.61,4.143,2.833,3.156,5.007,4.319,1.662,1.314,4.788,2.621,8.702,5.493,5.454,6.245,5.213,2.536,8.922,2.641,2.723,2.512,2.731,5.574,4.497,4.636,4.509,6.696,6.113,5.14,5.858,5.011,4.33,6.006,2.203,4.411,8.75,6.299,5.074,9.752,9.044,5.71,7.568,5.832,3.071,6.318,6.468,4.089,8.638,9.365,9.785,7.802
Quebec,62.026,77.397,64.967,44.666,45.994,55.666,43.506,48.145,37.551,44.373,48.416,52.247,34.912,41.402,41.045,42.244,43.036,36.211,42.494,46.468,47.897,65.713,54.56,50.52,58.123,45.872,46.832,34.522,37.508,37.789,36.085,33.006,42.846,38.737,38.593,39.038,36.21,36.853,31.852,34.722,30.23,32.958,39.264,34.293,38.176,34.227,33.128,32.89,40.457,30.39,37.574,40.95,40.512,35.989,35.587,33.69,29.097,26.505,25.443,27.251,34.067,28.848,21.108,26.579,20.937,19.368,20.265,19.31,19.492,23.541,21.158,22.842,22.341,23.994,23.548,21.371,23.792,25.17,21.058,22.333,21.968,24.27,27.116,25.323,24.9,24.792,25.622,24.267,25.931,26.72,30.468,27.534,28.255,21.623,23.716,25.412,20.303,20.7,23.313,26.225,24.255,24.827,19.589,24.286,21.88,20.767,22.792,23.334,25.691,21.475,21.439,25.293,24.132,24.622,24.452,21.592,33.396,27.998,28.318,28.683,21.134,19.983,23.147,24.09,23.645,22.159,25.816,27.52,28.209,25.9,28.831,21.662,25.104,26.741,24.171,27.262,25.441,28.407,27.527,24.777,24.936,29.122,28.674,37.459,41.697,39.137,36.727,42.669,40.745,44.478,42.717,44.822,43.329,45.405,41.424,43.62,48.887,45.748,38.961,44.909,45.57,47.562,53.412,61.14,56.832,53.571,51.96,55.538,47.194,58.873,61.613,58.029,60.04,52.903,65.064,63.702,59.095,55.082,60.504,57.149,53.829,58.572,47.267,61.833,46.953,49.403,53.957,43.763,52.236,47.943,50.302,50.396,47.441,48.601,50.974,46.819,45.072,42.577,41.057,48.214,42.872,54.719,51.568,50.412,49.26,45.405,48.238,50.704,48.249,54.533,46.028,49.913,72.753,43.954,37.226,37.369,44.047,59.108,44.251,46.256,51.873,46.902,45.685,48.212,49.932,50.118,49.298,37.405,42.467,38.415,43.524,37.093,41.613,37.845,43.632,54.034,43.929,43.19,46.469,50.333,57.569,48.622,54.848,53.872,51.324,55.001,53.884,50.265,49.42,51.101,42.614,45.946,51.449,43.515,51.134,42.181,53.006,48.781,45.395,44.35,57.933,46.196,45.538,49.706,38.597,48.887,43.439,61.514,42.672,50.654,52.774,48.738,47.237,42.614,46.137,42.857,34.884,41.595,36.987,41.843,37.589,36.066,36.984,36.014,36.025,37.876,37.653,39.031,35.912,52.221,38.165,40.752,41.174,35.403,35.491,34.882,36.087,38.968,46.136,34.069,31.791,24.159,32.125,30.895,35.992,42.512,43.984,40.213,45.951,35.977,35.698,41.099,42.123,42.247,37.521,32.054,41.864,37.597,34.321,38.349,48.118,36.656,37.18,39.109,38.962,44.654,55.617,41.372,37.543,40.258,44.78,45.038,50.215,52.739,49.023,52.907,42.763,51.064,50.122,54.513,42.397,53.67,35.598,30.13,41.316,51.12,51.474,54.966,41.267,35.972,63.644,49.815,47.817,51.647,51.261,53.59,44.824,52.964,43.327,39.909,62.514,50.351,45.945,0,61.691,60.306,61.943,63.875,56.437,53.371,64.45,65.297,95.55,82.777,77.495,68.767,66.428,71.122,68.1,54.911,62.869,59.097,66.784,58.631,77.807,59.56,73.406,65.591,67.723,53.775,61.804,55.535,47.328,55.272,46.938,36.873,39.743,49.516,35.055,39.534,27.889,33.59,38.433,50.757,50.816,41.243,28.103,44.582,53.561,46.843,46.664,39.205,60.306,54.663,35.08,41.242,40.654,52.921,63.998,50.575,62.236,49.94,58.137,57.322,67.485,58.83,63.773,58.483
Ontario,118.51,77.476,94.289,72.744,78.534,57.692,70.119,49.298,51.854,45.517,41.548,39.887,43.179,32.688,33.468,43.894,44.305,59.821,66.782,67.146,63.382,51.472,55.139,51.324,53.43,64.141,62.127,67.865,64.127,49.433,65.196,48.862,53.025,45.402,53.61,47.513,41.685,42.73,50.059,47.418,43.765,33.96,50.293,41.259,44.076,49.315,56.214,47.74,43.356,38.857,42.841,50.46,48.479,46.162,53.309,45.684,51.503,50.669,43.872,35.06,37.549,37.39,37.99,36.052,27.389,36.679,29.585,34.608,38.592,32.756,41.482,44.066,35.221,30.4,33.803,33.489,44.985,46.233,43.863,41.656,50.678,42.884,47.974,51.955,50.194,54.56,53.508,56.353,52.661,47.959,52.958,58.752,55.879,55.959,53.081,56.21,55.244,55.757,64.198,58.711,52.366,47.681,39.904,53.536,54.88,58.397,55.123,59.599,56.093,65.962,63.509,68.882,75.319,69.08,59.989,67.908,67.193,64.507,75.016,73.464,64.999,76.962,77.302,78.067,59.332,57.524,82.859,64.966,75.766,79.204,73.208,70.872,75.656,69.085,78.652,76.864,72.529,81.702,56.027,83.519,70.07,69.387,77.807,74.695,100.946,79.579,93.638,78.087,86.824,73.918,87.194,83.403,76.443,89.991,86.48,72.567,72.041,114.235,82.83,79.503,73.893,78.598,81.738,91.451,86.032,108.011,79.145,77.618,65.539,79.438,102.972,90.846,85.324,83.823,77.963,104.5,85.947,95.124,85.782,76.143,57.357,71.102,79.966,90.391,70.392,99.74,101.093,68.519,70.549,64.984,84.727,80.825,78.937,78.679,81.605,74.906,74.252,84.369,86.341,66.781,61.618,74.485,69.132,63.522,74.888,52.395,57.398,65.234,74.207,65.783,73.555,68.3,82.511,71.971,78.523,48.721,65.401,72.862,78.834,82.79,72.919,92.277,56.461,93.681,87.929,89.085,56.675,53.501,43.62,37.324,59.424,36.481,42.83,50.28,41.606,48.622,57.833,72.492,53.894,53.125,54.779,70.139,58.95,67.712,69.299,56.243,56.468,64.636,60.448,46.748,81.488,45.477,50.752,66.029,73.787,77.554,58.62,75.255,76.621,66.846,66.99,75.322,54.47,71.371,80.795,71.066,87.498,99.376,76.071,70.67,72.869,87.986,73.416,68.684,60.868,79.346,47.764,68.905,58.11,49.672,65.877,59.735,62.198,70.928,60.752,71.221,60.905,56.839,64.447,61.82,42.108,67.44,65.443,55.605,68.712,52.171,53.423,52.954,58.842,60.084,61.375,41.948,62.912,64.89,84.012,57.381,51.031,96.148,90.318,75.115,87.755,55.083,61.053,76.113,86.185,68.21,72.047,88.35,79.231,74.712,69.061,84.729,58.144,79.135,98.08,83.459,88.18,74.274,55.552,78.35,82.919,97.267,77.207,60.636,97.715,64.877,84.077,102.782,73.48,69.794,56.66,104.647,68.846,63.8,76.899,91.823,85.106,70.994,74.934,55.533,60.17,85.931,50.528,66.987,68.963,82.897,85.283,74.629,63.809,58.215,69.786,78.293,64.09,92.73,57.97,80.038,86.037,115.026,82.161,88.178,86.17,74.37,99.339,85.348,124.197,109.709,102.04,90.681,100.469,108.435,101.006,81.06,129.902,72.908,63.718,101.792,85.62,79.494,89.651,95.996,97.166,101.382,134.514,91.276,101.844,109.034,74.872,102.9,79.415,112.332,69.894,121.447,97.589,82.652,101.203,102.632,64,71.127,81.022,87.53,72.803,73.908,86.71,67.852,106.68,60.916,64.995,66.397,60.734,64.716,58.405,57.086,39.222,70.41,72.711,62.624,77.637,59.478
Prairie provinces,36.419,27.423,30.018,30.785,30.659,20.356,19.06,18.823,17.243,15.006,16.216,13.22,13.422,13.162,11.359,13.885,15.759,16.044,17.688,17.611,16.847,18.227,16.685,14.622,20.186,19.961,21.732,19.239,22.303,21.373,24.669,24.863,22.79,26.145,24.24,26.096,19.178,25.507,21.221,24.333,18.865,23.959,24.939,23.727,22.605,25.196,20.722,22.403,22.84,22.082,18.994,22.935,22.7,25.796,25.455,22.553,22.897,25.898,19.981,20.025,17.907,19.314,13.295,16.083,14.335,16.567,21.847,19.765,16.661,22.401,16.134,17.177,16.285,16.6,20.14,16.129,21.027,24.585,20.863,25.677,22.572,22.225,25.585,21.9,24.225,31.409,28.4,29.086,29.216,28.058,29.291,27.782,28.238,31.388,32.853,30.172,29.665,35.754,29.938,34.576,37.207,29.915,34.299,30.644,32.495,32.823,31.625,35.371,28.624,30.493,27.662,28.58,25.85,33.918,35.222,39.076,29.807,35.624,31.412,31.234,28.879,26.441,29.518,29.148,35.72,30.215,32.4,33.894,34.444,31.389,33.257,30.469,31.986,25.726,28.563,34.765,33.974,35.732,34.654,33.478,34.898,42.048,38.717,38.006,41.508,39.831,47.012,44.204,47.068,47.895,35.949,47.766,48.802,52.969,48.388,44.684,38.02,46.115,43.043,46.183,41.661,43.738,43.623,47.24,46.637,46.915,43.356,40.116,38.136,43.713,41.004,38.41,40.271,50.065,38.685,46.664,46.751,51.238,52.817,46.868,36.575,43.133,44.385,52.212,53.96,44.829,45.277,48.166,57.307,54.578,54.32,51.648,49.073,59.05,65.206,55.946,59.144,66.877,58.073,53.284,53.623,53.556,67.035,52.762,67.509,54.476,67.578,62.902,63.441,57.522,55.445,62.507,72.767,61.051,53.783,43.305,48.49,42.107,68.219,42.957,50.511,37.456,42.07,33.967,38.025,36.05,31.877,27.611,21.632,17.498,17.462,17.933,20.775,30.258,27.361,32.05,33.567,38.44,41.874,35.373,37.407,38.468,41.959,44.679,38.696,40.32,45.37,37.019,37.255,35.512,37.352,35.681,29.046,35.214,29.738,32.904,37.806,36.962,41.161,44.417,38.854,50.751,45.3,40.507,43.047,46.886,49.506,55.379,52.978,50.224,48.45,49.119,56.297,50.664,58.599,45.527,44.004,44.763,51.216,55.606,56.153,53.944,55.859,44.877,55.13,53.605,58.445,48.842,51.798,45.547,50.031,58.52,50.965,67.102,57.217,63.35,64.365,55.877,50.104,45.11,55.242,51.706,59.764,43.904,43.069,53.219,48.877,44.339,48.762,41.372,53.652,34.759,33.113,32.262,29.424,39.058,31.885,34.355,38.875,31.264,38.518,36.276,36.356,35.98,33.341,40.869,48.674,41.873,48.344,42.877,44.192,39.972,39.165,41.409,45.863,36.002,35.594,32.447,36.653,38.702,46.46,35.555,42.728,46.663,35.546,30.639,37.98,27.402,34.073,27.724,27.243,33.983,34.44,45.212,38.468,40.739,42.278,34.673,35.1,46.985,31.595,27.031,38.799,32.508,25.388,25.788,39.485,29.501,33.274,46.228,43.301,42.318,45.2,38.437,40.022,44.4,48.715,44.694,41.394,41.024,43.037,45.054,53.905,44.568,36.835,44.862,42.373,55.46,58.607,54.287,52.539,46.12,49.003,62.296,45.846,36.446,35.509,45.708,38.203,34.832,47.104,41.35,55.196,53.311,57.244,48.916,56.374,57.557,50.24,57.672,49.021,59.258,54.339,57.306,69.176,59.541,58.791,67.97,74.586,53.894,57.153,67.336,69.692,78.111,83.609,74.186,63.056,62.026
Manitoba,9.536,5.469,4.401,4.199,4.357,3.239,3.056,3.729,2.281,2.042,2.697,1.977,3.745,3.732,2.283,1.224,1.193,1.632,3.629,1.699,2.699,2.44,1.407,0.854,3.804,2.97,3.027,1.443,1.686,1.913,3.131,1.256,2.511,2.993,1.689,3.455,2.846,2.584,2.509,1.962,1.784,1.705,3.229,3.488,1.487,3.817,2.261,3.283,2.03,2.449,2.031,2.327,2.852,3.049,4.18,3.205,3.237,4.511,2.966,3.078,2.146,2.081,1.742,1.599,1.814,2.399,3.342,1.957,1.407,2.186,1.727,1.602,1.265,2.269,1.84,1.94,2.174,4.264,2.093,1.438,1.447,2.933,3.798,2.175,2.008,2.792,2.109,3.19,2.877,2.925,2.86,2.14,2.703,2.992,2.419,2.124,1.93,2.425,2.143,4.128,3.889,2.914,3.134,2.708,3.534,2.22,2.379,2.097,3.782,2.363,2.956,3.482,3.062,2.732,4.481,3.317,2.972,3.78,2.328,2.262,2.241,1.501,2.613,2.799,2.323,2.647,2.687,3.215,2.552,2.738,2.351,2.76,2.441,2.139,2.451,4.033,2.812,3.168,4.48,3.031,2.522,2.628,2.762,2.759,3.122,3.042,3.573,3.455,3.507,3.587,3.417,3.431,5.279,4.502,3.584,3.146,3.675,3.158,2.956,3.739,3.651,4.138,3.249,5.607,4.452,7.309,4.471,4.076,3.274,4.207,3.931,3.906,4.389,4.356,4.634,8.376,4.32,4.233,4.259,3.55,3.533,4.573,5.276,4.015,3.834,5.254,5.77,6.345,4.525,5.546,4.95,3.691,3.634,4.602,6.542,5.292,4.853,6.254,4.24,4.828,3.699,8.911,4.056,3.627,8.224,3.471,5.745,4.023,7.611,5.076,5.182,6.743,5.943,7.31,5.293,4.325,5.85,4.401,4.161,5.394,7.296,5.162,5.17,5.47,5.62,6.149,5.367,5.603,3.335,3.208,3.197,3.387,3.701,4.761,4.254,5.718,4.683,4.915,4.321,3.493,5.346,5.681,4.212,4.845,4.902,7.847,10.446,5.836,4.263,4.135,5.432,6.751,3.808,5.214,4.32,5.622,6.584,5.976,9.016,5.759,4.686,8.622,7.729,4.962,8.254,5.662,6.556,5.691,12.42,5.609,6.557,9.322,8.702,7.154,6.937,4.803,5.269,5.34,9.865,9.334,5.353,7.353,11.091,5.047,9.063,7.088,8.84,6.184,3.767,4.086,3.933,8.241,7.962,5.269,9.585,9.608,6.41,6.655,4.2,4.424,7.1,3.465,3.869,8.019,3.123,4.135,8.756,4.992,8.506,5.714,4.049,4.885,5.334,4.522,2.886,5.083,5.712,5.192,7.813,4.98,5.189,5.695,7.052,4.458,11.226,8.836,8.027,5.922,10.778,6.932,5.112,7.307,6.384,5.487,7.046,8.208,4.604,4.861,7.405,6.243,6.347,6.708,9.46,9.788,9.748,6.566,9.814,6.445,6.871,5.615,5.783,6.595,9.38,10.099,7.088,6.959,4.972,7.707,6.526,5.793,7.267,5.169,5.534,7.506,4.752,8.189,7.805,5.94,4.57,11.006,12.707,7.545,9.734,7.768,5.752,7.062,8.213,11.166,7.582,7.73,9.883,5.782,7.249,8.347,9.085,9.382,7.498,7.702,7.365,8.813,7.567,6.876,4.999,10.122,11.35,6.151,5.551,9.102,8.223,4.631,7.663,7.731,10.462,7.095,5.139,3.526,8.856,7.386,4.858,5.26,5.51,9.115,3.976,10.289,10.305,7.993,6.034,9.172,8.495,5.517,5.767,4.606,8.475,6.728,9.007,5.728,6.07,9.481
Saskatchewan,1.484,1.219,1.486,1.773,1.991,1.77,1.277,2.044,1.198,1.257,0.695,0.604,1.044,0.758,0.897,1.079,1.074,0.929,1.181,1.555,0.774,1.052,0.863,0.864,1.048,1.123,1.606,1.413,1.745,1.8,2.234,2.441,3.116,2.115,1.637,1.38,1.686,3.014,1.55,2.557,1.782,3.065,1.628,1.524,1.389,1.365,1.803,1.98,0.932,0.986,1.438,1.927,2.379,1.951,1.887,1.772,2.634,4.155,2.319,1.797,0.729,1.038,0.839,1.489,2.492,2.258,1.706,2.394,1.816,2.106,1.418,1.586,1.604,1.547,2.406,2.159,2.405,2.987,2.357,4.563,3.558,1.695,2.136,1.33,2.036,2.802,1.964,2.642,2.788,2.277,3.218,2.97,3.291,2.893,3.309,3.182,1.999,3.597,3.25,4.228,2.763,2.765,3.27,2.641,3.306,2.346,3.279,2.483,2.121,2.453,4.046,3.338,2.805,2.887,4.583,3.434,4.031,2.84,2.093,2.317,2.28,1.938,2.451,2.34,2.919,3.245,2.796,3.181,2.184,2.629,2.399,1.367,2.04,1.552,2.025,1.843,1.444,2.387,3.383,1.997,2.595,4.463,2.309,2.311,2.798,2.467,1.783,2.553,2.618,2.377,2.783,2.906,4.989,3.573,2.676,3.816,3.635,2.546,3.34,4.984,2.903,3.52,3.122,3.584,3.43,3.55,2.632,2.437,3.074,2.06,3.34,3.753,7.217,2.76,2.579,3.686,4.298,4.332,4.819,3.742,2.305,2.491,2.401,2.535,2.91,4.564,3.654,4.324,4.135,3.808,4.093,3.1,3.547,2.435,2.772,3.277,3.254,4.222,4.373,3.136,4.328,4.562,4.422,3.873,5.288,3.773,4.495,5.22,6.407,7.444,7.776,6.461,6.9,6.32,5.827,4.757,6.543,6.508,7.683,5.559,7.826,9.97,8.876,5.788,7.733,5,6.718,4.312,1.783,2.125,1.998,1.885,2.862,5.143,3.499,5.495,4.011,4.285,7.882,4.022,6.228,4.722,3.91,4.632,4.34,5.571,5.665,7.764,5.515,5.293,9.951,7.886,5.434,8.283,4.895,6.682,5.484,7.546,6.851,7.316,8.724,8.714,7.375,6.54,8.698,9.836,7.972,11.009,6.787,10.456,8.363,10.309,13.305,10.624,11.963,10.267,8.044,4.868,7.341,6.456,7.931,8.141,8.82,10.493,14.249,9.555,6.597,6.78,9.036,6.127,6.17,10.202,8.309,7.674,8.97,9.428,10.645,8.78,7.648,6.093,4.795,5.06,4.931,3.957,5.903,7.077,5.23,4.362,3.904,4.394,7.448,4.745,4.467,5.076,3.767,4.853,3.698,4.892,5.609,6.61,4.994,4.885,4.122,5.048,3.828,5.004,5.057,4.278,5.274,5.25,5.452,7.214,3.836,5.596,4.177,4.488,5.752,3.6,2.165,2.353,4.386,2.986,3.107,3.865,3.574,6.466,2.545,2.311,2.513,1.61,1.866,1.68,2.412,3.055,1.546,3.115,3.885,2.802,2.233,2.583,3.647,2.114,1.82,2.316,2.019,2.638,8.3,2.691,2.079,2.395,3.49,3.316,5.13,3.601,6.227,4.646,5.532,3.772,2.474,2.191,6.745,2.892,4.113,3.69,2.376,4.059,2.621,6.484,4.744,6.989,3.592,5.583,3.031,4.964,2.768,3.364,2.486,6.287,3.166,2.601,2.63,7.19,5.809,6.067,3.28,4.243,5.622,5.937,3.464,3.205,3.418,4.159,1.815,4.626,7.495,3.473,6.181,4.848,5.193,3.731,3.5,6.541,8.264,7.8,5.663,4.893,5.143,4.875
Alberta,25.399,20.735,24.131,24.813,24.311,15.347,14.727,13.05,13.764,11.707,12.824,10.639,8.633,8.672,8.179,11.582,13.492,13.483,12.878,14.357,13.374,14.735,14.415,12.904,15.334,15.868,17.099,16.383,18.872,17.66,19.304,21.166,17.163,21.037,20.914,21.261,14.646,19.909,17.162,19.814,15.299,19.189,20.082,18.715,19.729,20.014,16.658,17.14,19.878,18.647,15.525,18.681,17.469,20.796,19.388,17.576,17.026,17.232,14.696,15.15,15.032,16.195,10.714,12.995,10.029,11.91,16.799,15.414,13.438,18.109,12.989,13.989,13.416,12.784,15.894,12.03,16.448,17.334,16.413,19.676,17.567,17.597,19.651,18.395,20.181,25.815,24.327,23.254,23.551,22.856,23.213,22.672,22.244,25.503,27.125,24.866,25.736,29.732,24.545,26.22,30.555,24.236,27.895,25.295,25.655,28.257,25.967,30.791,22.721,25.677,20.66,21.76,19.983,28.299,26.158,32.325,22.804,29.004,26.991,26.655,24.358,23.002,24.454,24.009,30.478,24.323,26.917,27.498,29.708,26.022,28.507,26.342,27.505,22.035,24.087,28.889,29.718,30.177,26.791,28.45,29.781,34.957,33.646,32.936,35.588,34.322,41.656,38.196,40.943,41.931,29.749,41.429,38.534,44.894,42.128,37.722,30.71,40.411,36.747,37.46,35.107,36.08,37.252,38.049,38.755,36.056,36.253,33.603,31.788,37.446,33.733,30.751,28.665,42.949,31.472,34.602,38.133,42.673,43.739,39.576,30.737,36.069,36.708,45.662,47.216,35.011,35.853,37.497,48.647,45.224,45.277,44.857,41.892,52.013,55.892,47.377,51.037,56.401,49.46,45.32,45.596,40.083,58.557,45.262,53.997,47.232,57.338,53.659,49.423,45.002,42.487,49.303,59.924,47.421,42.663,34.223,36.097,31.198,56.375,32.004,35.389,22.324,28.024,22.709,24.672,24.901,19.792,17.696,16.514,12.165,12.267,12.661,14.212,20.354,19.608,20.837,24.873,29.24,29.671,27.858,25.833,28.065,33.837,35.202,29.454,26.902,29.259,23.419,27.477,26.084,21.969,21.044,19.804,21.717,20.523,20.6,25.738,23.44,25.294,31.342,25.444,33.415,30.196,29.005,26.095,31.388,34.978,38.679,33.771,34.159,33.53,29.488,34.29,32.886,39.699,30.457,30.691,34.555,34.01,39.816,42.869,38.45,35.948,29.337,31.818,36.962,43.008,35.878,38.995,35.334,39.928,40.077,34.694,54.159,38.662,44.314,47.31,40.442,38.256,34.593,43.347,43.181,50.964,31.928,34.043,42.007,34.891,34.985,36.352,31.264,42.155,25.129,23.312,22.664,22.771,29.122,22.475,24.271,25.453,19.674,28.335,25.696,25.182,26.474,18.287,27.029,35.59,31.673,32.292,30.695,33.628,25.451,28.945,30.326,34.64,23.306,25.238,23.986,27.083,30.106,35.727,25.861,30.161,33.01,22.224,17.607,25.621,18.646,24.689,20.499,19.594,25.708,22.648,32.058,29.834,30.665,33.421,24.164,26.341,38.609,20.681,19.748,31.445,22.686,18.617,14.961,23.38,20.87,26.625,32.827,27.104,31.457,30.336,27.068,28.043,32.692,34.97,29.756,31.338,31.103,26.409,36.38,42.543,32.531,25.374,31.421,32.254,41.274,46.498,38.485,41.38,33.661,40.973,47.21,31.728,26.931,27.472,30.319,26.814,27.6,36.811,26.429,38.925,40.149,48.825,41.147,41.896,44.234,41.918,49.207,40.093,45.984,48.548,42.391,51.376,48.075,46.576,53.95,60.898,44.646,47.886,56.189,52.953,63.583,68.939,63.565,51.843,47.67
British Columbia,46.171,55.509,44.661,52.453,48.484,37.69,26.772,36.016,27.423,27.805,23.425,23.549,18,20.494,21.286,21.965,37.95,37.421,40.963,32.011,31.043,44.745,35.392,36.778,33.778,35.291,38.772,37.332,34.515,50.9,44.337,43.896,43.682,40.056,43.15,43.796,34.189,37.293,42.63,48.584,43.39,45.534,47.357,50.176,38.695,41.784,41.501,46.586,33.127,45.115,44.779,35.773,38.391,46.336,38.405,37.773,38.275,37.54,44.213,33.068,38.951,29.986,20.637,28.424,25.202,28.697,24.424,25.534,28.149,22.934,27.606,27.048,21.579,25.284,24.603,23.26,28.578,33.685,36.351,30.181,32.232,19.777,28.898,26.362,22.093,28.326,23.957,24.867,35.328,33.64,32.583,31.446,31.898,30.024,29.627,27.967,21.466,25.703,21.456,20.148,20.04,21.294,22.578,22.298,20.902,16.235,14.679,16.493,12.873,13.914,19.303,13.829,17.153,14.875,16.782,15.953,17.754,14.686,19.937,18.879,10.61,16.126,12.024,16.242,15.874,13.864,13.49,10.796,16.839,20.453,13.02,13.991,17.818,14.698,12.656,17.715,19.848,19.687,17.846,14.475,18.489,19.269,18.653,15.772,19.516,15.614,18.041,15.076,23.653,25.415,21.07,29.328,19.61,22.491,26.872,22.189,19.938,23.093,21.526,26.782,21.984,23.635,30.805,27.676,32.89,34.541,27.37,25.808,33.659,26.061,28.138,43.114,34.91,31.668,29.651,39.623,33.871,26.381,35.453,33.143,27.763,27.784,31.89,33.871,37.494,30.71,37.027,34.858,41.353,38.329,33.974,38.055,34.172,39.704,41.46,43.5,30.378,33.162,42.863,31.547,34.793,38.402,33.924,33.359,40.597,34.272,39.436,37.383,38.807,37.434,35.741,35.615,46.102,43.918,50.722,33.742,33.678,48.823,32.187,40.655,40.098,34.106,36.529,31.528,39.653,31.226,20.486,21.791,14.395,13.628,11.815,12.1,11.491,13.828,13.374,18.61,18.105,20.864,20.652,22.819,27.327,30.126,25.946,28.217,25.258,26.613,22.826,27.606,28.94,25.955,21.3,29.446,26.611,25.565,20.464,24.603,31.191,22.984,29.467,25.233,29.498,29.441,28.204,22.496,28.385,30.654,23.105,24.323,28.297,36.407,26.051,30.404,29.241,28.031,23.332,21.586,23.001,22.083,25.844,24.044,22.608,30.837,32.846,26.906,31.258,25.446,28.134,31.873,26.211,22.161,27.196,26.524,30.12,28.451,28.102,35.939,29.423,23.929,30.184,30.975,27.251,24.431,33.436,37.42,25.397,36.41,37.409,27.634,29.136,36.02,28.108,35.228,34.597,55.014,43.66,46.177,36.042,49.567,39.996,36.674,48.486,27.705,45.703,41.468,28.303,31.05,47.616,45.923,48.101,40.199,48.251,37.922,40.339,56.865,46.502,51.457,45.118,34.147,49.015,40.822,43.04,36.406,43.213,47.274,27.954,32.968,40.192,51.127,43.302,38.157,34.516,52.547,55.594,61.706,50.837,36.719,41.667,34.254,48.275,43.042,29.706,41.657,33.399,29.843,38.785,38.766,40.52,43.748,32.129,33.248,50.19,43.779,38.455,44.712,70.479,39.2,47.336,67.466,50.999,46.987,35.205,36.079,39.669,54.989,38.883,34.984,32.562,54.045,42.112,56.242,48.517,48.668,53.436,44.86,48.478,57.704,51.071,38.531,52.209,61.338,40.861,65.267,48.386,47.951,39.177,60.55,39.512,62.439,30.994,46.601,60.7,54.635,46.174,40.825,49.009,34.632,43.814,43.776,51.433,47.063,39.24,29.829,31.268,54.75,39.018,67.175,57,46.274